<?xml version="1.0" encoding="UTF-8"?>
<project version="4">
  <component name="CMakeRunConfigurationManager" shouldGenerate="true" shouldDeleteObsolete="true">
    <generated>
      <config projectName="practice2" targetName="practice2" />
    </generated>
  </component>
  <component name="CMakeSettings">
    <configurations>
      <configuration PROFILE_NAME="Debug" ENABLED="true" CONFIG_NAME="Debug" />
    </configurations>
  </component>
  <component name="ChangeListManager">
    <list default="true" id="da8932e0-b7e8-4fce-b1c5-6d001e689ae6" name="Changes" comment="" />
    <option name="SHOW_DIALOG" value="false" />
    <option name="HIGHLIGHT_CONFLICTS" value="true" />
    <option name="HIGHLIGHT_NON_ACTIVE_CHANGELIST" value="false" />
    <option name="LAST_RESOLUTION" value="IGNORE" />
  </component>
  <component name="ClangdSettings">
    <option name="formatViaClangd" value="false" />
  </component>
  <component name="ExecutionTargetManager" SELECTED_TARGET="CMakeBuildProfile:Debug" />
  <component name="GitSEFilterConfiguration">
    <file-type-list>
      <filtered-out-file-type name="LOCAL_BRANCH" />
      <filtered-out-file-type name="REMOTE_BRANCH" />
      <filtered-out-file-type name="TAG" />
      <filtered-out-file-type name="COMMIT_BY_MESSAGE" />
    </file-type-list>
  </component>
  <component name="ProjectId" id="26RB3sNFfiyf8uC7FJw60a7m8LO" />
  <component name="ProjectViewState">
    <option name="hideEmptyMiddlePackages" value="true" />
    <option name="showLibraryContents" value="true" />
  </component>
  <component name="PropertiesComponent">
    <property name="RunOnceActivity.OpenProjectViewOnStart" value="true" />
    <property name="RunOnceActivity.ShowReadmeOnStart" value="true" />
    <property name="RunOnceActivity.cidr.known.project.marker" value="true" />
    <property name="WebServerToolWindowFactoryState" value="false" />
    <property name="cf.first.check.clang-format" value="false" />
    <property name="cidr.known.project.marker" value="true" />
    <property name="cmake.loaded.for.project" value="true" />
    <property name="settings.editor.selected.configurable" value="preferences.lookFeel" />
  </component>
  <component name="RunManager">
    <configuration name="practice2" type="CMakeRunConfiguration" factoryName="Application" REDIRECT_INPUT="false" ELEVATE="false" USE_EXTERNAL_CONSOLE="false" PASS_PARENT_ENVS_2="true" PROJECT_NAME="practice2" TARGET_NAME="practice2" CONFIG_NAME="Debug" RUN_TARGET_PROJECT_NAME="practice2" RUN_TARGET_NAME="practice2">
      <method v="2">
        <option name="com.jetbrains.cidr.execution.CidrBuildBeforeRunTaskProvider$BuildBeforeRunTask" enabled="true" />
      </method>
    </configuration>
    <configuration default="true" type="GradleAppRunConfiguration" factoryName="Application" REDIRECT_INPUT="false" ELEVATE="false" USE_EXTERNAL_CONSOLE="false" PASS_PARENT_ENVS_2="true">
      <method v="2">
        <option name="com.jetbrains.cidr.cpp.gradle.execution.GradleNativeBuildBeforeRunTaskProvider$BuildBeforeRunTask" enabled="true" />
      </method>
    </configuration>
  </component>
  <component name="SpellCheckerSettings" RuntimeDictionaries="0" Folders="0" CustomDictionaries="0" DefaultDictionary="application-level" UseSingleDictionary="true" transferred="true" />
  <component name="TaskManager">
    <task active="true" id="Default" summary="Default task">
      <changelist id="da8932e0-b7e8-4fce-b1c5-6d001e689ae6" name="Changes" comment="" />
      <created>1647376321669</created>
      <option name="number" value="Default" />
      <option name="presentableId" value="Default" />
      <updated>1647376321669</updated>
      <workItem from="1647376323208" duration="1218000" />
      <workItem from="1647675083083" duration="17692000" />
      <workItem from="1647718541783" duration="3165000" />
      <workItem from="1647762399667" duration="16000" />
    </task>
    <servers />
  </component>
  <component name="TypeScriptGeneratedFilesManager">
    <option name="version" value="3" />
  </component>
  <component name="XDebuggerManager">
    <breakpoint-manager>
      <breakpoints>
        <line-breakpoint enabled="true" type="com.jetbrains.cidr.execution.debugger.OCBreakpointType">
          <url>file://$PROJECT_DIR$/IdentifiedString.cpp</url>
          <line>33</line>
          <option name="timeStamp" value="23" />
        </line-breakpoint>
      </breakpoints>
    </breakpoint-manager>
  </component>
</project>